<?xml version="1.0" encoding="UTF-8"?>
<project-private xmlns="http://www.netbeans.org/ns/project-private/1">
    <editor-bookmarks xmlns="http://www.netbeans.org/ns/editor-bookmarks/2" lastBookmarkId="0"/>
    <open-files xmlns="http://www.netbeans.org/ns/projectui-open-files/2">
        <group>
            <file>file:/C:/xampp/htdocs/asifShah/admin_welcome.php</file>
            <file>file:/C:/xampp/htdocs/asifShah/admin_showroom.php</file>
            <file>file:/C:/xampp/htdocs/asifShah/admin_receipt.php</file>
            <file>file:/C:/xampp/htdocs/asifShah/show_placeOrder.php</file>
            <file>file:/C:/xampp/htdocs/asifShah/admin_header.php</file>
        </group>
    </open-files>
</project-private>
